landmark,zip
San Jose,94088
San Jose,94089
San Jose,94538
San Jose,94560
San Jose,95002
San Jose,95008
San Jose,95013
San Jose,95035
San Jose,95037
San Jose,95050
San Jose,95054
San Jose,95101
San Jose,95103
San Jose,95106
San Jose,95108
San Jose,95109
San Jose,95110
San Jose,95111
San Jose,95112
San Jose,95113
San Jose,95115
San Jose,95116
San Jose,95117
San Jose,95118
San Jose,95119
San Jose,95120
San Jose,95121
San Jose,95122
San Jose,95123
San Jose,95124
San Jose,95125
San Jose,95126
San Jose,95127
San Jose,95128
San Jose,95129
San Jose,95130
San Jose,95131
San Jose,95132
San Jose,95133
San Jose,95134
San Jose,95135
San Jose,95136
San Jose,95138
San Jose,95139
San Jose,95141
San Jose,95148
San Jose,95150
San Jose,95151
San Jose,95152
San Jose,95153
San Jose,95154
San Jose,95155
San Jose,95156
San Jose,95157
San Jose,95158
San Jose,95160
San Jose,95161
San Jose,95164
San Jose,95170
San Jose,95172
San Jose,95173
San Jose,95190
San Jose,95191
San Jose,95192
San Jose,95193
San Jose,95194
San Jose,95196
Redwood City,94002
Redwood City,94061
Redwood City,94062
Redwood City,94063
Redwood City,94064
Redwood City,94065
Redwood City,94070
Mountain View,94039
Mountain View,94040
Mountain View,94041
Mountain View,94042
Mountain View,94043
Mountain View,94085
Mountain View,94303
Palo Alto,94020
Palo Alto,94022
Palo Alto,94024
Palo Alto,94028
Palo Alto,94301
Palo Alto,94302
Palo Alto,94303
Palo Alto,94304
Palo Alto,94306
Palo Alto,95033
San Francisco,94016
San Francisco,94102
San Francisco,94103
San Francisco,94104
San Francisco,94105
San Francisco,94107
San Francisco,94108
San Francisco,94109
San Francisco,94110
San Francisco,94111
San Francisco,94112
San Francisco,94114
San Francisco,94115
San Francisco,94116
San Francisco,94117
San Francisco,94118
San Francisco,94119
San Francisco,94120
San Francisco,94121
San Francisco,94122
San Francisco,94123
San Francisco,94124
San Francisco,94125
San Francisco,94126
San Francisco,94127
San Francisco,94129
San Francisco,94130
San Francisco,94131
San Francisco,94132
San Francisco,94133
San Francisco,94134
San Francisco,94137
San Francisco,94139
San Francisco,94140
San Francisco,94141
San Francisco,94142
San Francisco,94143
San Francisco,94144
San Francisco,94145
San Francisco,94146
San Francisco,94147
San Francisco,94151
San Francisco,94153
San Francisco,94154
San Francisco,94156
San Francisco,94158
San Francisco,94159
San Francisco,94160
San Francisco,94161
San Francisco,94162
San Francisco,94163
San Francisco,94164
San Francisco,94171
San Francisco,94172
San Francisco,94177
San Francisco,94188
